{
  "items": [
    {
      "groupid": "custom",
      "urlOrPath": "",
      "remark": "自定义",
      "editAble": true,
      "groups": [
        {
          "groupid": "custom",
          "name": "BIGO游戏",
          "type": "",
          "or": true,
          "domain_suffix": [
            ".app-analytics-services.com",
            ".dfaklj.tech",
            ".app-measurement.com",
            ".bdesk.tech",
            ".linhty.xyz",
            ".sgmbocast.com",
            ".piojm.tech",
            ".weihuitel.com",
            ".ukyuh.tech",
            ".bigo.sg",
            ".f2ecdn.com"
          ],
          "ip_cidr": [
            "202.168.0.0/16",
            "202.63.0.0/16",
            "116.63.0.0/16",
            "164.90.0.0/16",
            "58.217.0.0/16",
            "58.221.0.0/16",
            "18.164.0.0/16",
            "18.244.0.0/16",
            "13.33.0.0/16",
            "13.32.0.0/16",
            "3.163.0.0/16",
            "52.222.0.0/16",
            "52.85.0.0/16",
            "13.225.0.0/16",
            "113.105.0.0/16",
            "91.108.0.0/16",
            "169.136.127.0/24",
            "169.136.94.0/24",
            "169.136.68.0/24"
          ]
        }
      ]
    }
  ],
  "rule_set_items": [
    {
      "tag": "https://raw.githubusercontent.com/sagernet/sing-geosite/rule-set/geosite-cn.srs",
      "type": "remote",
      "format": "binary",
      "url": "https://raw.githubusercontent.com/SagerNet/sing-geosite/rule-set/geosite-cn.srs"
    },
    {
      "tag": "https://raw.githubusercontent.com/sagernet/sing-geoip/rule-set/geoip-cn.srs",
      "type": "remote",
      "format": "binary",
      "url": "https://raw.githubusercontent.com/SagerNet/sing-geoip/rule-set/geoip-cn.srs"
    }
  ]
}